trading_symbol,timestamp,open,high,low,close,hl2,supertrend_ST_daily_sma5,pct_diff_avg3_ST_daily_sma5,pct_diff_latest_ST_daily_sma5,direction_ST_daily_sma5,flatbase_count_ST_daily_sma5,supertrend_ST_daily_sma20,pct_diff_avg3_ST_daily_sma20,pct_diff_latest_ST_daily_sma20,direction_ST_daily_sma20,flatbase_count_ST_daily_sma20,supertrend_ST_daily_hl2_20,pct_diff_avg3_ST_daily_hl2_20,pct_diff_latest_ST_daily_hl2_20,direction_ST_daily_hl2_20,flatbase_count_ST_daily_hl2_20,supertrend_ST_daily_hl2_5,pct_diff_avg3_ST_daily_hl2_5,pct_diff_latest_ST_daily_hl2_5,direction_ST_daily_hl2_5,flatbase_count_ST_daily_hl2_5,sector,industry,market_cap
WELSPLSOL,2025-11-11 00:00:00+05:30,38.75,39.1,37.61,38.49,38.355000000000004,34.884745792773884,11.182010202561605,9.04772313186317,-1.0,21,34.32784186084257,12.599910394188482,10.499695317839748,-1.0,16,36.97625444845731,5.8569436091216645,3.594695741214164,-1.0,10,36.015643165625804,8.302699230350997,6.0992226160192935,-1.0,3,,,
WELSPLSOL,2025-11-12 00:00:00+05:30,38.9,40.5,38.82,39.66,39.66,35.157249300800416,10.488205123991126,11.353380482096775,-1.0,1,34.40651569891337,12.39960358419748,13.246304339603201,-1.0,1,36.97625444845731,5.8569436091216645,6.766882379078884,-1.0,11,36.015643165625804,8.302699230350997,9.188998573812892,-1.0,4,,,
WELSPLSOL,2025-11-13 00:00:00+05:30,39.66,40.5,39.13,39.77,39.815,35.67779944064033,9.162863174131381,10.391060051135677,-1.0,1,34.643877413967694,11.795270948058144,12.987875388753748,-1.0,1,36.97625444845731,5.8569436091216645,7.129839386017045,-1.0,12,36.015643165625804,8.302699230350997,9.54252626993393,-1.0,5,,,
WELSPUNLIV,2025-11-11 00:00:00+05:30,134.25,136.63,133.12,134.83,134.875,122.78708363352698,10.003236974730111,8.962310559016144,-1.0,5,119.50436522888697,12.409304629393509,11.396207429926251,-1.0,1,126.56611522888696,7.233396687882908,6.160433565236732,-1.0,1,126.38246465629265,7.368003330309193,6.29659710376819,-1.0,1,Textiles,Textiles & Apparels,13202.0
WELSPUNLIV,2025-11-12 00:00:00+05:30,135.0,141.0,133.75,139.32,137.375,122.78708363352698,10.003236974730111,10.619047400526314,-1.0,6,119.92330946744262,12.102239551843281,12.703687375837946,-1.0,1,128.75655946744263,5.627911117057481,6.27366007829472,-1.0,1,127.68097172503413,6.416262890728827,7.056617488601182,-1.0,1,Textiles,Textiles & Apparels,13202.0
WELSPUNLIV,2025-11-13 00:00:00+05:30,139.0,139.0,135.11,136.58,137.055,124.1077773800273,9.035234815093416,9.446734974990118,-1.0,1,120.6362314940705,11.579703526169606,11.979693193192153,-1.0,1,128.75655946744263,5.627911117057481,6.054825093982254,-1.0,2,127.68097172503413,6.416262890728827,6.839610576021217,-1.0,2,Textiles,Textiles & Apparels,13202.0
WENDT,2025-11-11 00:00:00+05:30,8350.0,8356.5,8244.0,8274.0,8300.25,8719.041553836456,-4.687123435161169,-5.045529397746525,1.0,1,9143.86634234576,-9.78787731944802,-10.16374618048565,1.0,1,8719.72884234576,-4.695375518439446,-5.053809732788282,1.0,1,8605.291553836456,-3.3213586068573187,-3.6750887483684944,1.0,1,Capital Goods,Industrial Products,1653.0
WENDT,2025-11-12 00:00:00+05:30,8338.0,8410.0,8281.0,8327.0,8345.5,8664.933243069165,-4.037459894370833,-3.827610605346172,1.0,1,9110.85490022847,-9.391518052851254,-9.170869333514718,1.0,1,8719.72884234576,-4.695375518439446,-4.484199177350182,1.0,2,8605.291553836456,-3.3213586068573187,-3.112953733586435,1.0,2,Capital Goods,Industrial Products,1653.0
WENDT,2025-11-13 00:00:00+05:30,8305.5,8402.5,8278.0,8297.5,8340.25,8629.44659445533,-3.611381507107952,-3.4674811241309356,1.0,1,9079.762155217048,-9.01819605239392,-8.866786429867782,1.0,1,8719.72884234576,-4.695375518439446,-4.54996963335343,1.0,3,8605.291553836456,-3.3213586068573187,-3.1778610213897176,1.0,3,Capital Goods,Industrial Products,1653.0
WESTLIFE,2025-11-11 00:00:00+05:30,558.0,567.3,552.25,564.65,559.775,610.525287765044,-9.512899343495839,-9.066194053868795,1.0,1,636.9775735142883,-14.257774887090388,-13.791715155962372,1.0,1,602.7813235142884,-8.123826696534483,-7.682787461799544,1.0,1,598.030287765044,-7.271610236035339,-6.8340472091544004,1.0,1,Consumer Services,Leisure Services,8539.0
WESTLIFE,2025-11-12 00:00:00+05:30,564.65,565.05,548.55,550.55,556.8,605.2642302120353,-8.569197783889493,-8.704064334058067,1.0,1,632.6885073385739,-13.488424162736168,-13.629401461669174,1.0,1,599.3060073385739,-7.500442279598891,-7.633981203048476,1.0,1,594.0042302120353,-6.549436651436094,-6.68179421911554,1.0,1,Consumer Services,Leisure Services,8539.0
WESTLIFE,2025-11-13 00:00:00+05:30,550.55,562.85,548.95,560.05,555.9000000000001,598.5283841696282,-7.360956218112956,-7.668354770575306,1.0,1,628.9282069716453,-12.813920741113371,-13.136932356834896,1.0,1,597.6707069716454,-7.207110474891168,-7.514068532406055,1.0,1,591.2233841696283,-6.05062273031793,-6.354269503440939,1.0,1,Consumer Services,Leisure Services,8539.0
WEWIN,2025-11-11 00:00:00+05:30,51.55,51.55,50.75,50.75,51.15,56.96614772395053,-11.501561409180903,-11.370767788759588,1.0,1,66.12400428333547,-29.426510634831594,-29.27469068100776,1.0,1,57.76875428333546,-13.07252746787132,-12.93989107201459,1.0,1,55.452147723950524,-8.53816348395091,-8.410845990128106,1.0,1,Services,Commercial Services & Supplies,52.0
WEWIN,2025-11-12 00:00:00+05:30,50.75,50.75,50.5,50.5,50.625,55.76571817916042,-9.151924406264278,-10.154505045255156,1.0,1,65.0608165691687,-27.34550121191758,-28.515193223049273,1.0,1,56.93781656916869,-11.446107984280065,-12.46976112428383,1.0,1,54.16671817916042,-6.022153413897858,-6.995986526736631,1.0,1,Services,Commercial Services & Supplies,52.0
WEWIN,2025-11-13 00:00:00+05:30,50.01,52.98,50.01,51.8,51.495,55.76571817916042,-9.151924406264278,-8.293461849034713,1.0,2,64.38942574071025,-26.031367666295257,-25.040150967492487,1.0,1,56.93781656916869,-11.446107984280065,-10.56960203741857,1.0,2,54.16671817916042,-6.022153413897858,-5.188306008661855,1.0,2,Services,Commercial Services & Supplies,52.0
WEWORK,2025-11-11 00:00:00+05:30,624.3,633.0,620.3,622.5,626.65,676.15845,-9.397476034461851,-7.900494694007826,1.0,18,685.31205,-10.878461351777709,-9.361214393999845,1.0,18,679.2139999999999,-9.891841604983217,-8.38809542806989,1.0,19,669.8894937171259,-8.383204905088537,-6.900102723549977,1.0,3,Services,Commercial Services & Supplies,8311.0
WEWORK,2025-11-12 00:00:00+05:30,626.15,626.95,598.0,612.55,612.475,674.9236207831684,-9.197689727487521,-10.196109356817566,1.0,1,685.31205,-10.878461351777709,-11.892248663210738,1.0,19,669.3720593569925,-8.299487822188665,-9.28969498461039,1.0,1,661.7136207831686,-7.060408653184271,-8.039286629359333,1.0,1,Services,Commercial Services & Supplies,8311.0
WEWORK,2025-11-13 00:00:00+05:30,608.0,625.0,605.2,623.45,615.1,670.2108966265348,-8.435205537602213,-8.959664546664735,1.0,1,685.31205,-10.878461351777709,-11.414737441066489,1.0,20,669.3720593569925,-8.299487822188665,-8.823290417329293,1.0,2,661.7136207831686,-7.060408653184271,-7.5782183032301385,1.0,2,Services,Commercial Services & Supplies,8311.0
WHEELS,2025-11-11 00:00:00+05:30,899.4,903.45,888.8,896.1,896.125,891.9715314300995,0.10305116185060842,0.46349209874743996,-1.0,9,864.681937633889,3.1593674894615176,3.5087808471040325,-1.0,4,894.7192045141638,-0.20467632476844738,0.15687493216193785,-1.0,13,893.5648716555164,-0.07539604343748095,0.2856887537434607,-1.0,13,Automobile and Auto Components,Auto Components,2157.0
WHEELS,2025-11-12 00:00:00+05:30,905.0,906.7,882.5,888.55,894.6,891.9715314300995,0.10305116185060842,0.2938149530405231,-1.0,10,864.681937633889,3.1593674894615176,3.3442949213180224,-1.0,5,956.8119044104153,-7.1587898207601,-6.95415877603569,1.0,1,893.5648716555164,-0.07539604343748095,0.11570851156758438,-1.0,14,Automobile and Auto Components,Auto Components,2157.0
WHEELS,2025-11-13 00:00:00+05:30,893.9,896.0,879.9,881.0,887.95,950.6619216695453,-6.47001838627813,-7.062551007325332,1.0,1,864.681937633889,3.1593674894615176,2.620424839924664,-1.0,6,948.6613091898945,-6.245958452208019,-6.83724412296801,1.0,1,938.8669216695453,-5.149029464516429,-5.734210447609124,1.0,1,Automobile and Auto Components,Auto Components,2157.0
WHIRLPOOL,2025-11-11 00:00:00+05:30,1291.5,1291.7,1232.0,1237.9,1261.85,1436.5463803340306,-15.806931289355951,-13.844464899475428,1.0,1,1227.671656710098,1.0314674549821434,2.7085900297104994,-1.0,1,1360.9633432899018,-9.71381818320272,-7.854605800206197,1.0,1,1371.1663803340305,-10.53633420223819,-8.66318344763883,1.0,1,Consumer Durables,Consumer Durables,15796.0
WHIRLPOOL,2025-11-12 00:00:00+05:30,1238.7,1250.3,1222.2,1226.9,1236.25,1396.8431042672244,-12.606258741378884,-12.990342104527755,1.0,1,1233.292323874593,0.5783583698667305,0.23924579376396632,-1.0,1,1333.2176761254068,-7.477106152959129,-7.843694732085484,1.0,1,1334.9431042672243,-7.616201236138911,-7.983264248107121,1.0,1,Consumer Durables,Consumer Durables,15796.0
WHIRLPOOL,2025-11-13 00:00:00+05:30,1237.6,1237.6,1209.0,1227.3,1223.3,1362.7844834137793,-9.860629070815783,-11.40231205867566,1.0,1,1386.7447278067987,-11.792179916708676,-13.360968511959348,1.0,1,1318.2792923191364,-6.2728509957921705,-7.764186407188461,1.0,1,1313.6944834137794,-5.903247440246648,-7.389396175409092,1.0,1,Consumer Durables,Consumer Durables,15796.0
WILLAMAGOR,2025-11-11 00:00:00+05:30,30.65,33.85,30.65,32.18,32.25,31.08183658840409,5.907659167293362,3.6222121289795637,-1.0,10,37.0141269914439,-12.050838521020902,-14.772486795174892,1.0,28,31.67119760325604,4.123518859971619,1.7947361139347595,-1.0,8,31.266669270723273,5.348125315671216,3.0490875326410127,-1.0,9,Financial Services,Finance,36.0
WILLAMAGOR,2025-11-12 00:00:00+05:30,34.09,34.09,32.82,33.8,33.455,31.08183658840409,5.907659167293362,7.093598599898095,-1.0,11,37.0141269914439,-12.050838521020902,-10.63855026586132,1.0,29,31.67119760325604,4.123518859971619,5.331945588832636,-1.0,9,31.266669270723273,5.348125315671216,6.541117110377298,-1.0,10,Financial Services,Finance,36.0
WILLAMAGOR,2025-11-13 00:00:00+05:30,33.95,34.09,32.7,32.7,33.395,31.08183658840409,5.907659167293362,6.926675884401594,-1.0,12,37.0141269914439,-12.050838521020902,-10.837331910297646,1.0,30,31.67119760325604,4.123518859971619,5.161857753388121,-1.0,10,31.266669270723273,5.348125315671216,6.373201764565742,-1.0,11,Financial Services,Finance,36.0
WINDLAS,2025-11-11 00:00:00+05:30,847.35,864.95,836.5,843.2,850.725,956.6569987619303,-13.534070308198284,-12.451967294005728,1.0,1,973.1436675081192,-15.490673992695653,-14.389922420067489,1.0,12,905.163267145303,-7.422900940954122,-6.3990440089691765,1.0,1,913.5769987619303,-8.421425174982321,-7.388051222419737,1.0,1,Healthcare,Pharmaceuticals & Biotechnology,1729.0
WINDLAS,2025-11-12 00:00:00+05:30,840.0,847.4,832.0,838.15,839.7,929.2365990095443,-10.279874083851197,-10.662927117964065,1.0,1,973.1436675081192,-15.490673992695653,-15.891826546161619,1.0,13,892.956353788038,-5.974209757861959,-6.342307227347615,1.0,1,896.1415990095443,-6.352228060550763,-6.721638562527597,1.0,1,Healthcare,Pharmaceuticals & Biotechnology,1729.0
WINDLAS,2025-11-13 00:00:00+05:30,838.15,849.75,825.1,833.05,837.425,909.4632792076354,-7.9332174623852625,-8.602355937264289,1.0,1,969.3022860986359,-15.034786806808448,-15.747951888065915,1.0,1,890.4835360986359,-5.680740878450357,-6.335914989239151,1.0,1,892.4382792076353,-5.912725740170723,-6.569338055065872,1.0,1,Healthcare,Pharmaceuticals & Biotechnology,1729.0
WINDMACHIN,2025-11-11 00:00:00+05:30,300.05,300.1,293.1,299.1,296.6,268.9228694715132,8.873169919008324,9.331466799894411,-1.0,1,314.0062748896324,-6.403730231146425,-5.868602457731745,1.0,8,282.82203212496586,4.163318964798517,4.645302722533433,-1.0,2,275.24466693654927,6.730974409437467,7.2000448629301275,-1.0,4,Capital Goods,Industrial Manufacturing,2466.0
WINDMACHIN,2025-11-12 00:00:00+05:30,301.35,302.95,287.25,292.45,295.1,269.14829557721055,8.796782341893476,8.794206852859869,-1.0,2,314.0062748896324,-6.403730231146425,-6.406734967682939,1.0,9,282.82203212496586,4.163318964798517,4.160612631322997,-1.0,3,275.24466693654927,6.730974409437467,6.728340584022622,-1.0,5,Capital Goods,Industrial Manufacturing,2466.0
WINDMACHIN,2025-11-13 00:00:00+05:30,290.9,297.25,290.0,293.15,293.625,270.29663646176846,8.407657144516948,7.94495139658801,-1.0,1,314.0062748896324,-6.403730231146425,-6.941260073097447,1.0,10,282.82203212496586,4.163318964798517,3.6791716900925127,-1.0,4,275.24466693654927,6.730974409437467,6.259798403899781,-1.0,6,Capital Goods,Industrial Manufacturing,2466.0
WINPRO,2025-11-11 00:00:00+05:30,2.92,2.94,2.81,2.81,2.875,3.2235760239098465,-17.5058088910029,-12.124383440342488,1.0,1,3.368915355830766,-22.803718924572262,-17.17966455063534,1.0,1,3.2369153558307664,-17.99205428301699,-12.588360202809264,1.0,1,3.175576023909847,-15.756112657710084,-10.454818222951198,1.0,1,,,
WINPRO,2025-11-12 00:00:00+05:30,2.81,2.81,2.67,2.7,2.74,3.174460819127878,-15.71546120757755,-15.856234274740059,1.0,1,3.347069588039228,-22.00739689085884,-22.155824380993707,1.0,1,3.0978195880392283,-12.921734679437227,-13.059109052526571,1.0,1,3.036460819127878,-10.685084536860666,-10.819737924375097,1.0,1,,,
WINPRO,2025-11-13 00:00:00+05:30,2.66,2.66,2.57,2.57,2.615,3.0961686553023022,-12.861554871286826,-18.400330986703707,1.0,1,3.3169286086372667,-20.908697763205332,-26.842394211750147,1.0,1,2.967928608637267,-8.18694806697205,-13.496313905822818,1.0,1,2.9041686553023025,-5.862769938115512,-11.05807477255458,1.0,1,,,
WINSOME,2025-11-11 00:00:00+05:30,1.98,1.98,1.95,1.96,1.9649999999999999,2.0004781526516346,-1.6330983565606232,-1.8055039517371394,1.0,15,2.029687356930296,-3.1170545434528183,-3.291977451923468,1.0,7,1.9071120762667002,3.110309419134607,2.9459503172162673,-1.0,6,1.9261621486947638,2.1424818614006416,1.9764809824547633,-1.0,3,,,
WINSOME,2025-11-12 00:00:00+05:30,1.95,1.98,1.94,1.98,1.96,2.0004781526516346,-1.6330983565606232,-2.0652118699813613,1.0,16,2.029687356930296,-3.1170545434528183,-3.5554773944028595,1.0,8,1.9071120762667002,3.110309419134607,2.6983634557806,-1.0,7,1.9261621486947638,2.1424818614006416,1.7264209849610306,-1.0,4,,,
WINSOME,2025-11-13 00:00:00+05:30,1.98,2.01,1.95,1.95,1.98,2.0004781526516346,-1.6330983565606232,-1.0342501339209424,1.0,17,2.029687356930296,-3.1170545434528183,-2.5094624712270717,1.0,9,1.9071120762667002,3.110309419134607,3.681208269358575,-1.0,8,1.9261621486947638,2.1424818614006416,2.7190833992543544,-1.0,5,,,
WINSOMTX,2025-11-11 00:00:00+05:30,84.97,84.97,82.1,84.3,83.535,93.47819366562976,-10.66437038668138,-11.90302707323848,1.0,1,95.82948328324314,-13.447949903211953,-14.717762953544188,1.0,1,90.39814029815068,-7.018042261336191,-8.215885913869256,1.0,2,91.71819366562976,-8.580790417461532,-9.796125774381707,1.0,1,,,
WINSOMTX,2025-11-12 00:00:00+05:30,84.5,87.0,82.55,84.89,84.775,92.97055493250382,-10.063401127623793,-9.667419560606087,1.0,1,95.62334661908098,-13.20391454845623,-12.796634171726298,1.0,1,90.39814029815068,-7.018042261336191,-6.633017160897285,1.0,3,91.71819366562976,-8.580790417461532,-8.190142926133587,1.0,2,,,
WINSOMTX,2025-11-13 00:00:00+05:30,86.9,86.9,83.3,83.81,85.1,92.46324394600306,-9.462819872147582,-8.652460571096436,1.0,1,95.37789178812695,-12.913332293272104,-12.077428658198533,1.0,1,90.39814029815068,-7.018042261336191,-6.225781783960852,1.0,4,91.71819366562976,-8.580790417461532,-7.776960829177158,1.0,3,,,
WIPL,2025-11-11 00:00:00+05:30,169.19,169.19,162.0,165.68,165.595,157.73820489222655,4.241490428152039,4.744584744571666,-1.0,3,152.47016910958723,7.439569519145706,7.925861825787474,-1.0,8,159.460333788127,3.196033517603881,3.70462043653069,-1.0,8,155.95920489222655,5.3214722159802355,5.818892543720189,-1.0,3,Consumer Durables,Consumer Durables,136.0
WIPL,2025-11-12 00:00:00+05:30,164.86,172.4,164.86,168.99,168.63,157.73820489222655,4.241490428152039,6.458990160572524,-1.0,4,152.47016910958723,7.439569519145706,9.583010668571882,-1.0,9,159.460333788127,3.196033517603881,5.437743113249714,-1.0,9,155.95920489222655,5.3214722159802355,7.51396258540796,-1.0,4,Consumer Durables,Consumer Durables,136.0
WIPL,2025-11-13 00:00:00+05:30,169.9,169.9,150.0,153.55,159.95,157.73820489222655,4.241490428152039,1.382804068629847,-1.0,5,152.47016910958723,7.439569519145706,4.676355667654115,-1.0,10,159.460333788127,3.196033517603881,0.30613705024881926,-1.0,10,155.95920489222655,5.3214722159802355,2.4950266381828303,-1.0,5,Consumer Durables,Consumer Durables,136.0
WIPRO,2025-11-11 00:00:00+05:30,241.1,242.05,238.81,241.69,240.43,246.39957098793442,-1.3114473039490222,-2.4828727646027606,1.0,3,251.45427148241453,-3.3897748786704978,-4.585231245025379,1.0,1,245.96330635170582,-1.1320695496508435,-2.3014209340372735,1.0,3,244.31657098793443,-0.4549858097670402,-1.6165083342072202,1.0,3,Information Technology,IT - Software,254639.0
WIPRO,2025-11-12 00:00:00+05:30,242.75,246.3,242.1,245.22,244.2,246.39957098793442,-1.3114473039490222,-0.900725220284372,1.0,4,251.4035204082938,-3.368907696350388,-2.9498445570408673,1.0,2,245.96330635170582,-1.1320695496508435,-0.722074673098213,1.0,4,244.31657098793443,-0.4549858097670402,-0.04773586729501952,1.0,4,Information Technology,IT - Software,254639.0
WIPRO,2025-11-13 00:00:00+05:30,246.0,246.0,244.0,245.33,245.0,246.39957098793442,-1.3114473039490222,-0.5712534644630305,1.0,5,251.05329438787908,-3.2249062077542328,-2.47073240321595,1.0,1,245.96330635170582,-1.1320695496508435,-0.3931862660023774,1.0,5,238.11820452334206,2.093579818534579,2.808896112921609,-1.0,1,Information Technology,IT - Software,254639.0
WOCKPHARMA,2025-11-11 00:00:00+05:30,1361.3,1361.3,1325.3,1331.8,1343.3,1262.7107551704744,6.5904160992399445,5.999348234164041,-1.0,5,1446.8113020954188,-7.028502892100817,-7.705747196859885,1.0,1,1390.806590279536,-2.8855296848303085,-3.536558496206068,1.0,7,1271.1863754542608,5.963428358169788,5.368393102489331,-1.0,5,Healthcare,Pharmaceuticals & Biotechnology,21801.0
WOCKPHARMA,2025-11-12 00:00:00+05:30,1331.9,1380.0,1329.3,1360.2,1354.65,1262.7107551704744,6.5904160992399445,6.786937203670742,-1.0,6,1444.376611990648,-6.8483956199621225,-6.6236010770787885,1.0,1,1390.806590279536,-2.8855296848303085,-2.669072474774737,1.0,8,1271.1863754542608,5.963428358169788,6.161268559830164,-1.0,6,Healthcare,Pharmaceuticals & Biotechnology,21801.0
WOCKPHARMA,2025-11-13 00:00:00+05:30,1360.2,1373.4,1341.5,1347.0,1357.45,1262.7107551704744,6.5904160992399445,6.9792069563907075,-1.0,7,1441.2865313911154,-6.619805547500775,-6.176030895511097,1.0,1,1390.806590279536,-2.8855296848303085,-2.4572978952842477,1.0,9,1271.1863754542608,5.963428358169788,6.354828873677798,-1.0,7,Healthcare,Pharmaceuticals & Biotechnology,21801.0
WONDERLA,2025-11-11 00:00:00+05:30,571.5,571.5,541.0,548.5,556.25,594.295226315259,-8.107731377554048,-6.839591247687014,1.0,7,605.7709670288446,-10.195273460156356,-8.902645757994526,1.0,5,587.3971686774024,-6.852911669908117,-5.599490998184704,1.0,1,588.2373558734125,-7.005749397137205,-5.750535887355061,1.0,4,Consumer Services,Leisure Services,3323.0
WONDERLA,2025-11-12 00:00:00+05:30,570.0,570.0,532.05,541.4,551.025,594.295226315259,-8.107731377554048,-7.852679336737724,1.0,8,605.7709670288446,-10.195273460156356,-9.935296407394324,1.0,6,584.4098102435322,-6.309483877126233,-6.058674333021592,1.0,1,588.2373558734125,-7.005749397137205,-6.753297195846386,1.0,5,Consumer Services,Leisure Services,3323.0
WONDERLA,2025-11-13 00:00:00+05:30,542.0,555.3,528.5,530.25,541.9,594.295226315259,-8.107731377554048,-9.668799836733537,1.0,9,604.9355697313556,-10.043307059230628,-11.632325102667581,1.0,1,576.2955697313556,-4.8334293931248515,-6.347217149170628,1.0,1,588.2373558734125,-7.005749397137205,-8.550905309727359,1.0,6,Consumer Services,Leisure Services,3323.0
WORTHPERI,2025-11-11 00:00:00+05:30,153.0,155.0,149.0,152.6,152.0,164.31129529057282,-8.33711777400406,-8.099536375376852,1.0,7,172.79451604099245,-13.930450136918104,-13.680602658547663,1.0,6,157.65288537932787,-3.946957392963437,-3.7190035390314935,1.0,2,163.3588964408149,-7.709162488449393,-7.472958184746646,1.0,2,Capital Goods,Industrial Products,238.0
WORTHPERI,2025-11-12 00:00:00+05:30,151.8,154.75,148.25,150.3,151.5,164.31129529057282,-8.33711777400406,-8.456300521830242,1.0,8,172.79451604099245,-13.930450136918104,-14.055786165671583,1.0,7,157.65288537932787,-3.946957392963437,-4.061310481404535,1.0,3,163.3588964408149,-7.709162488449393,-7.827654416379473,1.0,3,Capital Goods,Industrial Products,238.0
WORTHPERI,2025-11-13 00:00:00+05:30,152.5,153.0,150.0,150.0,151.5,164.31129529057282,-8.33711777400406,-8.456300521830242,1.0,9,172.79451604099245,-13.930450136918104,-14.055786165671583,1.0,8,157.65288537932787,-3.946957392963437,-4.061310481404535,1.0,4,163.3588964408149,-7.709162488449393,-7.827654416379473,1.0,4,Capital Goods,Industrial Products,238.0
WPIL,2025-11-11 00:00:00+05:30,420.1,421.0,414.9,416.8,417.95,466.82936025905457,-12.602056745902615,-11.695025782762192,1.0,2,472.44654439078647,-13.956955430943477,-13.039010501444306,1.0,1,443.7952943907864,-7.0461011595866765,-6.183824474407565,1.0,1,445.28701954440385,-7.405914261966762,-6.540739213878181,1.0,1,,,
WPIL,2025-11-12 00:00:00+05:30,417.3,422.0,417.0,418.45,419.5,457.2146156355231,-10.282922364347286,-8.990373214665818,1.0,1,470.278029671247,-13.433896604119882,-12.10441708492181,1.0,1,443.7952943907864,-7.0461011595866765,-5.791488531772684,1.0,2,443.4496156355231,-6.962721359322163,-5.709085967943532,1.0,1,,,
WPIL,2025-11-13 00:00:00+05:30,419.05,421.4,391.2,394.4,406.29999999999995,453.7596925084185,-9.449574072382353,-11.680948193063877,1.0,1,470.15437818768476,-13.404071120647584,-15.71606649955324,1.0,2,433.13937818768466,-4.475829914617409,-6.605803147350407,1.0,1,437.53969250841845,-5.5372122633371195,-7.6888241467926415,1.0,1,,,
WSI,2025-11-11 00:00:00+05:30,79.43,79.5,78.69,79.5,79.095,75.17707843721783,7.965217175411761,4.953437717658725,-1.0,7,72.82101553376302,10.849603508961827,7.93221375085275,-1.0,1,84.25459497643988,-3.1478412280430996,-6.523288420810262,1.0,3,75.8402313226911,7.1533589193743,4.11501191896947,-1.0,10,Construction,Construction,545.0
WSI,2025-11-12 00:00:00+05:30,78.86,85.0,78.86,84.81,81.93,75.17707843721783,7.965217175411761,8.242306313660658,-1.0,8,73.06935225707487,10.545579770975475,10.814900211064492,-1.0,1,84.25459497643988,-3.1478412280430996,-2.8372940027338807,1.0,4,75.8402313226911,7.1533589193743,7.432892319429891,-1.0,11,Construction,Construction,545.0
WSI,2025-11-13 00:00:00+05:30,89.5,90.4,77.65,85.77,84.025,75.17707843721783,7.965217175411761,10.530105995575335,-1.0,9,73.06935225707487,10.545579770975475,13.038557266200698,-1.0,2,84.25459497643988,-3.1478412280430996,-0.27324602968148753,1.0,5,75.8402313226911,7.1533589193743,9.740873165497064,-1.0,12,Construction,Construction,545.0
WSTCSTPAPR,2025-11-11 00:00:00+05:30,442.45,446.9,438.0,438.85,442.45,466.76520415875547,-7.16684747072792,-5.495582361567517,1.0,1,481.11054994103824,-10.46046376788847,-8.737834770265172,1.0,1,466.47054994103826,-7.099196404784353,-5.428986312812356,1.0,1,460.8102041587554,-5.799610643727566,-4.1496675689355715,1.0,1,Forest Materials,Paper Forest & Jute Products,2847.0
WSTCSTPAPR,2025-11-12 00:00:00+05:30,440.0,440.0,421.95,435.9,430.975,466.0931633270043,-7.012550413730747,-8.14853839016283,1.0,1,479.58827244398634,-10.11095682332369,-11.279835824348586,1.0,1,455.59952244398636,-4.603265398688175,-5.713677694526675,1.0,1,452.88316332700435,-3.979603564918917,-5.083395400430264,1.0,1,Forest Materials,Paper Forest & Jute Products,2847.0
WSTCSTPAPR,2025-11-13 00:00:00+05:30,435.0,438.95,427.5,434.85,433.225,462.2865306616034,-6.1385674805655865,-6.708184121785077,1.0,1,477.75579632178705,-9.690229898240622,-10.27890733955497,1.0,1,455.59952244398636,-4.603265398688175,-5.164642493851079,1.0,2,452.88316332700435,-3.979603564918917,-4.5376336377181214,1.0,2,Forest Materials,Paper Forest & Jute Products,2847.0
XCHANGING,2025-11-11 00:00:00+05:30,87.46,90.21,87.15,87.81,88.68,84.32595795962237,4.678734008226551,4.909835408635132,-1.0,4,84.82135607629318,4.118740658686266,4.351199733544003,-1.0,8,95.14698728959539,-7.55325528694444,-7.292498071262268,1.0,3,85.39726163988745,3.46774245194432,3.7017798377453315,-1.0,7,Information Technology,IT - Software,966.0
XCHANGING,2025-11-12 00:00:00+05:30,87.03,89.17,87.03,88.91,88.1,84.32595795962237,4.678734008226551,4.283816163879254,-1.0,5,84.82135607629318,4.118740658686266,3.72150275108605,-1.0,9,94.81176822741685,-7.174326826899746,-7.618352131006646,1.0,1,85.39726163988745,3.46774245194432,3.067807446211746,-1.0,8,Information Technology,IT - Software,966.0
XCHANGING,2025-11-13 00:00:00+05:30,88.77,89.13,88.1,88.14,88.615,84.32595795962237,4.678734008226551,4.840085809826354,-1.0,6,84.82135607629318,4.118740658686266,4.281040369809638,-1.0,10,94.81176822741685,-7.174326826899746,-6.992911163366082,1.0,2,85.39726163988745,3.46774245194432,3.6311441179400195,-1.0,9,Information Technology,IT - Software,966.0
XELPMOC,2025-11-11 00:00:00+05:30,129.0,136.55,128.1,136.0,132.325,114.28583780825961,14.092329384921362,13.63246717683006,-1.0,5,113.48511798206651,14.694223516361928,14.237583236677482,-1.0,1,143.17160754387928,-7.620852576205922,-8.196945054887049,1.0,4,121.66496008074044,8.54550733093928,8.055953084647305,-1.0,13,Information Technology,IT - Software,198.0
XELPMOC,2025-11-12 00:00:00+05:30,141.0,141.0,130.05,132.15,135.525,114.28583780825961,14.092329384921362,15.671766974167417,-1.0,6,114.23904958296319,14.127499687073522,15.706290660052991,-1.0,1,143.17160754387928,-7.620852576205922,-5.642211801423552,1.0,5,121.66496008074044,8.54550733093928,10.226924862025134,-1.0,14,Information Technology,IT - Software,198.0
XELPMOC,2025-11-13 00:00:00+05:30,134.95,134.95,127.55,132.15,131.25,114.73867153040842,13.75193821317332,12.580059786355486,-1.0,1,114.66609710381502,13.806491778640675,12.635354587569509,-1.0,1,143.17160754387928,-7.620852576205922,-9.083129557241353,1.0,6,121.66496008074044,8.54550733093928,7.302887557531092,-1.0,15,Information Technology,IT - Software,198.0
XPROINDIA,2025-11-11 00:00:00+05:30,1025.0,1025.0,994.5,1000.4,1009.75,1140.4434874314472,-12.438354249941398,-12.943153001381258,1.0,1,1169.6430857023154,-15.317194640121802,-15.834918118575429,1.0,1,1085.0905857023154,-6.981013099789546,-7.461310790028756,1.0,1,1086.0934874314473,-7.079890967163747,-7.560632575533284,1.0,1,Capital Goods,Industrial Products,2465.0
XPROINDIA,2025-11-12 00:00:00+05:30,1000.4,1024.0,995.2,1007.3,1009.6,1118.3147899451578,-10.256646559491056,-10.768105184742256,1.0,1,1164.8935564171995,-14.84893009026402,-15.381691404239254,1.0,1,1084.0535564171996,-6.878770535898876,-7.37455986699679,1.0,2,1082.194789945158,-6.695511439455573,-7.190450668102012,1.0,1,Capital Goods,Industrial Products,2465.0
XPROINDIA,2025-11-13 00:00:00+05:30,1008.3,1040.0,1007.0,1030.0,1023.5,1101.6458319561264,-8.61322430840755,-7.635157005972287,1.0,1,1160.5908785963395,-14.424721421989867,-13.394321308875378,1.0,1,1084.0535564171996,-6.878770535898876,-5.916322073004359,1.0,3,1082.194789945158,-6.695511439455573,-5.734713233527888,1.0,2,Capital Goods,Industrial Products,2465.0
XTGLOBAL,2025-11-11 00:00:00+05:30,38.33,38.75,38.05,38.39,38.4,36.08013995539965,10.005886621326985,6.04130219948007,-1.0,2,35.07406976507256,12.515311332182344,8.661276653456877,-1.0,18,36.87359814173249,8.026776615923946,3.975004839238313,-1.0,33,36.30832035504244,9.436739916751332,5.447082408743642,-1.0,14,Information Technology,IT - Software,524.0
XTGLOBAL,2025-11-12 00:00:00+05:30,39.59,42.0,38.1,40.22,40.05,36.08013995539965,10.005886621326985,9.912259786767406,-1.0,3,35.07406976507256,12.515311332182344,12.424295218295729,-1.0,19,36.87359814173249,8.026776615923946,7.931090782191038,-1.0,34,36.30832035504244,9.436739916751332,9.342520961192404,-1.0,15,Information Technology,IT - Software,524.0
XTGLOBAL,2025-11-13 00:00:00+05:30,41.25,43.7,39.95,40.31,41.825,36.08013995539965,10.005886621326985,13.735469323611118,-1.0,4,35.07406976507256,12.515311332182344,16.140897154638242,-1.0,20,36.948453702592055,7.840065593202097,11.659405373360306,-1.0,1,37.005007657164626,7.699003972983669,11.52418970193754,-1.0,1,Information Technology,IT - Software,524.0
YASHO,2025-11-11 00:00:00+05:30,1584.0,1584.0,1532.5,1569.0,1558.25,1516.2162167741483,7.501260281901059,2.69749932461747,-1.0,3,1712.5120370888983,-4.474021205112226,-9.899697551028288,1.0,7,1669.752698637588,-1.8654322227698767,-7.155636042842168,1.0,1,1679.6244212645452,-2.467669484011482,-7.789149447427894,1.0,1,Chemicals,Chemicals & Petrochemicals,2104.0
YASHO,2025-11-12 00:00:00+05:30,1451.45,1678.0,1451.45,1669.45,1564.725,1516.2162167741483,7.501260281901059,3.1001475163911634,-1.0,4,1712.5120370888983,-4.474021205112226,-9.444920806461097,1.0,8,1669.752698637588,-1.8654322227698767,-6.712214519330118,1.0,2,1679.6244212645452,-2.467669484011482,-7.343106377449408,1.0,2,Chemicals,Chemicals & Petrochemicals,2104.0
YASHO,2025-11-13 00:00:00+05:30,1661.6,1979.8,1609.3,1711.75,1794.55,1516.2162167741483,7.501260281901059,15.50994863480269,-1.0,5,1542.7037156849367,5.885356006226502,14.03395192750624,-1.0,1,1635.3465644795767,0.23355868167970026,8.871496225818351,-1.0,1,1496.1743703906911,8.723939152885373,16.62676601985505,-1.0,1,Chemicals,Chemicals & Petrochemicals,2104.0
YATHARTH,2025-11-11 00:00:00+05:30,796.25,797.7,755.0,758.6,776.35,775.4167406569272,-2.102408408312239,0.12021116031078652,-1.0,14,758.4290195104004,0.13443682791487754,2.308363558910237,-1.0,4,775.5670718715104,-2.1222031564303725,0.10084731480513039,-1.0,14,829.2355218644109,-9.188955410416876,-6.812072114949554,1.0,3,Healthcare,Healthcare Services,7607.0
YATHARTH,2025-11-12 00:00:00+05:30,760.0,762.8,737.0,740.05,749.9,835.2865871945783,-9.98572482646367,-11.386396478807614,1.0,1,842.8618140841924,-10.983187054340963,-12.396561419414907,1.0,1,803.1017776539694,-5.747814557109682,-7.09451628936784,1.0,1,804.9165871945784,-5.986778220367166,-7.336523162365434,1.0,1,Healthcare,Healthcare Services,7607.0
YATHARTH,2025-11-13 00:00:00+05:30,746.0,764.0,740.2,746.25,752.1,822.9882697556628,-8.366353249807478,-9.425378241678342,1.0,1,842.8618140841924,-10.983187054340963,-12.067785412071844,1.0,2,803.1017776539694,-5.747814557109682,-6.78124952186802,1.0,2,804.9165871945784,-5.986778220367166,-7.0225484901713005,1.0,2,Healthcare,Healthcare Services,7607.0
YATRA,2025-11-11 00:00:00+05:30,145.4,172.4,141.5,165.21,156.95,135.70118252065197,23.197429077196976,13.538590302228748,-1.0,1,168.35338093191396,4.71731904658074,-7.2656138463931015,1.0,26,157.55221952294315,10.830434273376026,-0.3837015119102637,1.0,4,134.57834762269377,23.832918063241067,14.253999603253407,-1.0,1,Consumer Services,Leisure Services,2934.0
YATRA,2025-11-12 00:00:00+05:30,170.1,196.3,170.0,184.84,183.15,135.70118252065197,23.197429077196976,25.907080250804277,-1.0,2,140.71364145320405,20.360536092816528,23.17027493682553,-1.0,1,163.7234076846908,7.337737248437011,10.60693001108883,-1.0,1,152.81667809815502,13.510600719823984,16.56201032041768,-1.0,1,Consumer Services,Leisure Services,2934.0
YATRA,2025-11-13 00:00:00+05:30,184.72,195.93,184.0,191.34,189.965,135.70118252065197,23.197429077196976,28.565165940751207,-1.0,3,140.71364145320405,20.360536092816528,25.92654359845022,-1.0,2,170.31673730045625,3.606121532006701,10.34309620169176,-1.0,1,160.92634247852402,8.920787557078475,15.286319859698356,-1.0,1,Consumer Services,Leisure Services,2934.0
YESBANK,2025-11-11 00:00:00+05:30,22.72,22.74,22.4,22.63,22.57,22.396196775564125,1.1932495195700432,0.7700630236414515,-1.0,17,21.9003193715958,3.3809439488420674,2.967127285796195,-1.0,2,23.475344773283524,-3.5676975291920128,-4.011275025624828,1.0,8,23.41296692452686,-3.2925011376184923,-3.734899975750373,1.0,8,Financial Services,Banks,70342.0
YESBANK,2025-11-12 00:00:00+05:30,22.68,22.9,22.67,22.74,22.785,22.396196775564125,1.1932495195700432,1.7063999316913558,-1.0,18,21.9003193715958,3.3809439488420674,3.8827326241132365,-1.0,3,23.475344773283524,-3.5676975291920128,-3.029821256456107,1.0,9,23.41296692452686,-3.2925011376184923,-2.7560540905282394,1.0,9,Financial Services,Banks,70342.0
YESBANK,2025-11-13 00:00:00+05:30,22.79,22.84,22.45,22.48,22.645,22.396196775564125,1.1932495195700432,1.0987115232319493,-1.0,19,21.9003193715958,3.3809439488420674,3.2884991318357275,-1.0,4,23.475344773283524,-3.5676975291920128,-3.666790785089532,1.0,10,23.41296692452686,-3.2925011376184923,-3.3913310864511366,1.0,10,Financial Services,Banks,70342.0
YUKEN,2025-11-11 00:00:00+05:30,926.1,932.95,905.05,925.7,919.0,896.4010076111632,1.9371145712674496,2.4590851348026974,-1.0,7,999.1030112882487,-9.298096828958872,-8.716323317546104,1.0,9,983.0242612882487,-7.539142292206298,-6.966731369776788,1.0,1,912.4986237032304,0.17609615528096242,0.7074402934460989,-1.0,7,Capital Goods,Industrial Products,1219.0
YUKEN,2025-11-12 00:00:00+05:30,934.05,936.95,910.2,920.1,923.575,896.4010076111632,1.9371145712674496,2.94226158014637,-1.0,8,997.8067982238364,-9.15629601420362,-8.037441271562821,1.0,1,983.0242612882487,-7.539142292206298,-6.436863415342407,1.0,2,912.4986237032304,0.17609615528096242,1.199293646619895,-1.0,8,Capital Goods,Industrial Products,1219.0
YUKEN,2025-11-13 00:00:00+05:30,929.3,939.0,860.5,898.1,899.75,896.4010076111632,1.9371145712674496,0.3722136581091182,-1.0,9,997.8067982238364,-9.15629601420362,-10.898227087950696,1.0,2,967.9231458126444,-5.887137280881498,-7.576898673258617,1.0,1,980.1838636722819,-7.228413518341038,-8.93957918002577,1.0,1,Capital Goods,Industrial Products,1219.0
ZAGGLE,2025-11-11 00:00:00+05:30,359.6,377.95,355.95,374.85,366.95,346.3805868758084,9.23138814863188,5.605508413732556,-1.0,6,375.1393970779264,1.6951768843465924,-2.231747398263088,1.0,13,349.7205763114864,8.35614797593875,4.695305542584434,-1.0,7,352.17058687580834,7.714125684936564,4.0276367690943315,-1.0,6,Information Technology,IT - Services,5276.0
ZAGGLE,2025-11-12 00:00:00+05:30,384.5,397.8,376.6,389.55,387.20000000000005,346.3805868758084,9.23138814863188,10.54220380273545,-1.0,7,342.6045707727917,10.22088857961915,11.51741457314265,-1.0,1,361.0392396837934,5.390105994245388,6.756394709764106,-1.0,1,355.77746072597193,6.768948775759111,8.1153252257304,-1.0,1,Information Technology,IT - Services,5276.0
ZAGGLE,2025-11-13 00:00:00+05:30,391.1,399.35,382.0,384.6,390.675,346.3805868758084,9.23138814863188,11.337918506224263,-1.0,8,342.6045707727917,10.22088857961915,12.304454911936599,-1.0,2,364.08727769960376,4.591371336334267,6.8055857939198185,-1.0,1,358.5969685807775,6.030100168817723,8.21092504491521,-1.0,1,Information Technology,IT - Services,5276.0
ZEEL,2025-11-11 00:00:00+05:30,97.22,99.28,96.02,98.78,97.65,104.38057328815856,-4.0700974972916395,-6.892548170157248,1.0,1,109.26490888892585,-8.93990483948804,-11.89442794564858,1.0,1,102.87315888892584,-2.567166841182982,-5.3488570291099204,1.0,1,102.47557328815859,-2.1707638426945484,-4.941703316086615,1.0,1,Media Entertainment & Publication,Entertainment,9622.0
ZEEL,2025-11-12 00:00:00+05:30,98.85,104.55,98.74,103.41,101.645,104.38057328815856,-4.0700974972916395,-2.6913013804501573,1.0,2,109.11925094447955,-8.794680148702586,-7.353289334920114,1.0,1,102.87315888892584,-2.567166841182982,-1.208282639505974,1.0,2,102.47557328815859,-2.1707638426945484,-0.8171314753884498,1.0,2,Media Entertainment & Publication,Entertainment,9622.0
ZEEL,2025-11-13 00:00:00+05:30,103.1,103.2,100.0,100.14,101.6,104.38057328815856,-4.0700974972916395,-2.736784732439532,1.0,3,108.76460089725558,-8.441084993691065,-7.051772536668881,1.0,1,102.87315888892584,-2.567166841182982,-1.253109142643552,1.0,3,102.47557328815859,-2.1707638426945484,-0.8617847324395584,1.0,3,Media Entertainment & Publication,Entertainment,9622.0
ZEELEARN,2025-11-11 00:00:00+05:30,8.19,8.19,7.82,7.94,8.004999999999999,9.033771149266041,-13.72771064959348,-12.851607111380915,1.0,1,9.393699936395546,-18.258916530367774,-17.347906763217328,1.0,1,8.890210459363734,-11.92040024377342,-11.05821935494985,1.0,2,8.903771149266042,-12.091118119169657,-11.227622102011782,1.0,2,Consumer Services,Other Consumer Services,256.0
ZEELEARN,2025-11-12 00:00:00+05:30,7.95,8.0,7.78,7.95,7.890000000000001,8.810016919412833,-10.910829870912723,-11.660543972279244,1.0,1,9.32538993957577,-17.39895014153299,-18.192521414141556,1.0,1,8.77763993957577,-10.50323046045873,-11.250189348235363,1.0,1,8.697016919412834,-9.488253286775088,-10.228351323356563,1.0,1,Consumer Services,Other Consumer Services,256.0
ZEELEARN,2025-11-13 00:00:00+05:30,7.95,8.05,7.82,7.96,7.9350000000000005,8.704613535530267,-9.583888403654237,-9.69897335261836,1.0,1,9.272007942596982,-16.726914929882287,-16.849501482003546,1.0,1,8.77763993957577,-10.50323046045873,-10.61928090202609,1.0,2,8.672613535530267,-9.181034857703755,-9.295696730060074,1.0,1,Consumer Services,Other Consumer Services,256.0
ZEEMEDIA,2025-11-11 00:00:00+05:30,9.8,9.85,9.33,9.5,9.59,10.686285829440491,-10.738713258450682,-11.431551923258512,1.0,1,11.254681826981317,-16.62882722260432,-17.358517486770772,1.0,1,10.521431826981319,-9.030381626749413,-9.712532085310938,1.0,1,10.436285829440491,-8.148039683321148,-8.824669754332549,1.0,1,Media Entertainment & Publication,Entertainment,593.0
ZEEMEDIA,2025-11-12 00:00:00+05:30,9.46,9.82,9.46,9.71,9.64,10.583028663552394,-9.668690814014441,-9.782455016103667,1.0,1,11.163610235632252,-15.685080161992243,-15.805085431869825,1.0,1,10.521431826981319,-9.030381626749413,-9.143483682378818,1.0,2,10.436285829440491,-8.148039683321148,-8.260226446478118,1.0,2,Media Entertainment & Publication,Entertainment,593.0
ZEEMEDIA,2025-11-13 00:00:00+05:30,9.7,9.94,9.5,9.62,9.719999999999999,10.551822930841913,-9.345315345512052,-8.557849082735746,1.0,1,11.093067223850639,-14.954064495861537,-14.126206006693828,1.0,1,10.521431826981319,-9.030381626749413,-8.245183405157613,1.0,3,10.436285829440491,-8.148039683321148,-7.369195776136754,1.0,3,Media Entertainment & Publication,Entertainment,593.0
ZENITHEXPO,2025-11-11 00:00:00+05:30,222.22,227.6,222.22,222.43,224.91,255.5864395832981,-13.405803518590531,-13.639428919700372,1.0,1,265.66159798523927,-17.87623409390608,-18.119068954354752,1.0,1,250.88984798523921,-11.321887232402181,-11.551219592387717,1.0,1,247.43743958329807,-9.790025254377065,-10.016201851095138,1.0,1,Consumer Durables,Consumer Durables,122.0
ZENITHEXPO,2025-11-12 00:00:00+05:30,221.32,228.88,221.0,221.47,224.94,251.3229516666385,-11.51405889485823,-11.728883998683424,1.0,1,264.19760558597727,-17.226648636030852,-17.452478699198576,1.0,1,250.40885558597728,-11.108466952306074,-11.322510707734187,1.0,1,246.11395166663846,-9.202782790024754,-9.413155359935297,1.0,1,Consumer Durables,Consumer Durables,122.0
ZENITHEXPO,2025-11-13 00:00:00+05:30,220.0,232.54,220.0,230.56,226.26999999999998,250.11916133331076,-10.979927231842316,-10.540134058121172,1.0,1,263.44166280667844,-16.891230612914175,-16.42801202398836,1.0,1,250.40885558597728,-11.108466952306074,-10.668164399159101,1.0,2,246.11395166663846,-9.202782790024754,-8.770032115012365,1.0,2,Consumer Durables,Consumer Durables,122.0
ZENITHSTL,2025-11-11 00:00:00+05:30,8.25,8.49,8.0,8.06,8.245000000000001,9.316834409888733,-13.435483886632305,-12.999810914356964,1.0,1,8.05619062121638,1.9132635403849727,2.2899864012567672,-1.0,3,9.18555937878362,-11.8371677611642,-11.407633460080268,1.0,3,9.169741265451144,-11.64457709559023,-11.215782479698518,1.0,3,Capital Goods,Industrial Products,113.0
ZENITHSTL,2025-11-12 00:00:00+05:30,8.37,8.37,8.06,8.27,8.215,9.157467527910987,-11.495140356059094,-11.472520120645,1.0,1,8.05619062121638,1.9132635403849727,1.933163466629572,-1.0,4,9.156496472384607,-11.483317439747651,-11.460699602977565,1.0,1,9.084467527910986,-10.606341654760389,-10.583901739634648,1.0,1,Capital Goods,Industrial Products,113.0
ZENITHSTL,2025-11-13 00:00:00+05:30,8.12,8.5,7.86,7.86,8.18,9.157467527910987,-11.495140356059094,-11.949480781307907,1.0,2,8.05619062121638,1.9132635403849727,1.5135620878193055,-1.0,5,9.138421648765377,-11.263250593734298,-11.71664607292637,1.0,1,9.084467527910986,-10.606341654760389,-11.057060243410593,1.0,2,Capital Goods,Industrial Products,113.0
ZENSARTECH,2025-11-11 00:00:00+05:30,734.85,734.85,706.6,729.25,720.725,774.8803867902349,-6.255952297229131,-7.514015302679225,1.0,1,819.2317734451667,-12.337663623338788,-13.66773366334825,1.0,1,742.3860370583565,-1.8001444926955201,-3.0054510469813644,1.0,3,748.681854359742,-2.6634623340711965,-3.878990510908045,1.0,3,Information Technology,IT - Software,16426.0
ZENSARTECH,2025-11-12 00:00:00+05:30,720.15,744.45,720.15,741.95,732.3,770.6583094321879,-5.676997328178804,-5.23805946090236,1.0,1,816.5176847729083,-11.965492535508675,-11.500434900028452,1.0,1,742.3860370583565,-1.8001444926955201,-1.3773094439924225,1.0,4,748.681854359742,-2.6634623340711965,-2.237041425610007,1.0,4,Information Technology,IT - Software,16426.0
ZENSARTECH,2025-11-13 00:00:00+05:30,740.4,743.45,726.05,728.85,734.75,769.2756475457504,-5.487398961833428,-4.69896530054446,1.0,1,814.103988034263,-11.634512877365774,-10.800134472169175,1.0,1,742.3860370583565,-1.8001444926955201,-1.0392700998103388,1.0,5,748.681854359742,-2.6634623340711965,-1.8961353330713895,1.0,5,Information Technology,IT - Software,16426.0
ZENTEC,2025-11-11 00:00:00+05:30,1373.4,1404.0,1360.0,1384.5,1382.0,1433.401230346723,-2.905228559399079,-3.7193364939741658,1.0,7,1468.6707395877763,-5.437259949347392,-6.271399391300747,1.0,1,1429.6800799935536,-2.6380836599181725,-3.4500781471457014,1.0,11,1426.756910026179,-2.428226526240468,-3.238560783370402,1.0,11,Capital Goods,Aerospace & Defense,12958.0
ZENTEC,2025-11-12 00:00:00+05:30,1387.8,1405.9,1381.7,1390.3,1393.8000000000002,1433.401230346723,-2.905228559399079,-2.8412419534167586,1.0,8,1465.7715776083874,-5.229126371809177,-5.1636947631214785,1.0,1,1429.6800799935536,-2.6380836599181725,-2.57426316498446,1.0,12,1426.756910026179,-2.428226526240468,-2.3645365207475084,1.0,12,Capital Goods,Aerospace & Defense,12958.0
ZENTEC,2025-11-13 00:00:00+05:30,1388.0,1456.0,1350.0,1367.6,1403.0,1433.401230346723,-2.905228559399079,-2.1668731537222357,1.0,9,1465.7715776083874,-5.229126371809177,-4.474096764674794,1.0,2,1429.6800799935536,-2.6380836599181725,-1.9016450458698213,1.0,13,1426.756910026179,-2.428226526240468,-1.6932936583163904,1.0,13,Capital Goods,Aerospace & Defense,12958.0
ZFCVINDIA,2025-11-11 00:00:00+05:30,12660.0,12660.0,12497.0,12599.0,12578.5,13264.136621988438,-4.224544234380533,-5.450861565277565,1.0,1,13518.945300968455,-6.2267339878871235,-7.4766093013352535,1.0,1,13168.787066914147,-3.4753236704054267,-4.692825590604179,1.0,6,13158.846624720578,-3.397215453742804,-4.613798344163278,1.0,6,Automobile and Auto Components,Auto Components,23985.0
ZFCVINDIA,2025-11-12 00:00:00+05:30,12606.0,12886.0,12572.0,12854.0,12729.0,13257.709297590753,-4.17404076211647,-4.153580780821374,1.0,2,13494.164285920031,-6.032014190233222,-6.011189299395326,1.0,1,13168.787066914147,-3.4753236704054267,-3.4550009184865003,1.0,7,13158.846624720578,-3.397215453742804,-3.376908042427354,1.0,7,Automobile and Auto Components,Auto Components,23985.0
ZFCVINDIA,2025-11-13 00:00:00+05:30,12899.0,12993.0,12751.0,12800.0,12872.0,13257.709297590753,-4.17404076211647,-2.996498582898948,1.0,3,13476.14482162403,-5.890424088508464,-4.693480590615519,1.0,1,13168.787066914147,-3.4753236704054267,-2.3056795130061114,1.0,8,13158.846624720578,-3.397215453742804,-2.2284542007502943,1.0,8,Automobile and Auto Components,Auto Components,23985.0
ZFSTEERING,2025-11-11 00:00:00+05:30,894.5,897.3,862.0,865.05,879.65,1030.7542811888075,-17.975767561955735,-17.177773113034444,1.0,1,1060.5170333224173,-21.382286061853854,-20.56124973823877,1.0,1,963.1482833224173,-10.237871503080825,-9.492216600058816,1.0,1,986.2592811888073,-12.883058394049119,-12.119511304360525,1.0,1,,,
ZFSTEERING,2025-11-12 00:00:00+05:30,883.95,884.0,861.0,865.15,872.5,994.932424951046,-13.87574967964356,-14.032369621896384,1.0,1,1051.6358691562966,-20.365785642245214,-20.531331708458065,1.0,1,954.1233691562966,-9.204918067562826,-9.35511394341508,1.0,1,966.9874249510459,-10.677283386865714,-10.829504292383485,1.0,1,,,
ZFSTEERING,2025-11-13 00:00:00+05:30,877.9,877.9,860.0,866.1,868.95,964.6649399608367,-10.41146159560908,-11.015011215931485,1.0,1,1042.7159506984817,-19.344849570617093,-19.997232372228744,1.0,1,948.2822006984817,-8.536362675801936,-9.129662316414251,1.0,1,951.6999399608368,-8.927542630289185,-9.522980604273748,1.0,1,,,
ZIMLAB,2025-11-11 00:00:00+05:30,70.6,79.83,70.6,77.62,75.215,67.81752443367394,9.556535540777144,9.83510678232542,-1.0,5,66.83424256880933,10.867869434795294,11.142401690076014,-1.0,9,70.23537267393979,6.332021328375472,6.620524265186745,-1.0,9,67.33879988689924,10.194976812314865,10.471581616832767,-1.0,9,Healthcare,Pharmaceuticals & Biotechnology,361.0
ZIMLAB,2025-11-12 00:00:00+05:30,76.99,78.0,74.71,76.9,76.35499999999999,67.81752443367394,9.556535540777144,11.181292078221535,-1.0,6,66.83424256880933,10.867869434795294,12.469068733142114,-1.0,10,70.23537267393979,6.332021328375472,8.014704113758363,-1.0,10,68.66473088642626,8.426675857177699,10.071729570524177,-1.0,1,Healthcare,Pharmaceuticals & Biotechnology,361.0
ZIMLAB,2025-11-13 00:00:00+05:30,74.27,74.65,72.11,73.02,73.38,67.81752443367394,9.556535540777144,7.58037008221049,-1.0,7,66.83424256880933,10.867869434795294,8.920356270360678,-1.0,11,70.23537267393979,6.332021328375472,4.285401098473975,-1.0,11,68.66473088642626,8.426675857177699,6.42582326733952,-1.0,2,Healthcare,Pharmaceuticals & Biotechnology,361.0
ZODIAC,2025-11-11 00:00:00+05:30,395.6,395.6,378.35,384.85,386.975,360.07373642251423,6.987733568611112,6.951679973508829,-1.0,4,361.1242691043154,6.716365746382855,6.680206963159027,-1.0,2,378.08761108367474,2.3344885802583804,2.2966312853092004,-1.0,2,372.7809980165226,3.7052636702557122,3.6679377178054002,-1.0,2,Construction,Construction,566.0
ZODIAC,2025-11-12 00:00:00+05:30,389.8,404.05,382.9,389.85,393.475,360.07373642251423,6.987733568611112,8.48878926932735,-1.0,5,361.1242691043154,6.716365746382855,8.221800850291542,-1.0,3,378.08761108367474,2.3344885802583804,3.910639536520815,-1.0,3,372.7809980165226,3.7052636702557122,5.259292708171408,-1.0,3,Construction,Construction,566.0
ZODIAC,2025-11-13 00:00:00+05:30,385.0,387.85,374.0,374.5,380.925,360.07373642251423,6.987733568611112,5.473850122067541,-1.0,6,361.1242691043154,6.716365746382855,5.19806547107295,-1.0,4,378.08761108367474,2.3344885802583804,0.7448681279320777,-1.0,4,372.7809980165226,3.7052636702557122,2.1379541861199547,-1.0,4,Construction,Construction,566.0
ZODIACLOTH,2025-11-11 00:00:00+05:30,97.98,98.46,96.71,98.46,97.585,95.88841658138325,2.463211696283947,1.7385698812489008,-1.0,32,93.57490296381425,4.816495815467143,4.1093375377217205,-1.0,18,102.80181985396122,-4.5690365720285,-5.345923916545807,1.0,3,102.14472074380924,-3.9006415866231743,-4.672563143730339,1.0,6,Textiles,Textiles & Apparels,248.0
ZODIACLOTH,2025-11-12 00:00:00+05:30,101.99,101.99,97.1,98.9,99.54499999999999,95.88841658138325,2.463211696283947,3.6732969196009186,-1.0,33,93.57490296381425,4.816495815467143,5.997385138566211,-1.0,19,102.80181985396122,-4.5690365720285,-3.2717061167926396,1.0,4,102.14472074380924,-3.9006415866231743,-2.6116035399158752,1.0,7,Textiles,Textiles & Apparels,248.0
ZODIACLOTH,2025-11-13 00:00:00+05:30,98.0,101.5,94.1,95.07,97.8,95.88841658138325,2.463211696283947,1.954584272614257,-1.0,34,93.57490296381425,4.816495815467143,4.32014011879933,-1.0,20,102.80181985396122,-4.5690365720285,-5.114335228999205,1.0,5,102.14472074380924,-3.9006415866231743,-4.4424547482712144,1.0,8,Textiles,Textiles & Apparels,248.0
ZOTA,2025-11-11 00:00:00+05:30,1536.0,1536.0,1501.0,1508.9,1518.5,1450.7113496212444,5.172967962790845,4.464185075979955,-1.0,8,1416.9257940082093,7.38139072404424,6.689114652077094,-1.0,1,1469.80046410064,3.925191090587971,3.2070817187592984,-1.0,14,1466.5106171464706,4.140234850052588,3.4237328188033835,-1.0,14,Healthcare,Pharmaceuticals & Biotechnology,4832.0
ZOTA,2025-11-12 00:00:00+05:30,1520.0,1553.9,1506.8,1532.5,1530.35,1450.7113496212444,5.172967962790845,5.203950101529423,-1.0,9,1423.617129307799,6.944005666712502,6.974409167327801,-1.0,1,1469.80046410064,3.925191090587971,3.9565809062867876,-1.0,15,1466.5106171464706,4.140234850052588,4.17155440608549,-1.0,15,Healthcare,Pharmaceuticals & Biotechnology,4832.0
ZOTA,2025-11-13 00:00:00+05:30,1533.0,1563.4,1518.0,1539.8,1540.7,1450.7113496212444,5.172967962790845,5.840763963052876,-1.0,10,1428.1225228424087,6.649506628597017,7.306904469240694,-1.0,1,1469.80046410064,3.925191090587971,4.601774251921853,-1.0,16,1466.5106171464706,4.140234850052588,4.815303618714183,-1.0,16,Healthcare,Pharmaceuticals & Biotechnology,4832.0
ZSARACOM,2025-11-11 00:00:00+05:30,12423.5,12599.95,12315.0,12416.35,12457.475,12043.239122343959,6.755883633550389,3.325199349435109,-1.0,27,13562.346445304227,-5.0057212433661675,-8.86914439165422,1.0,1,13230.926627414174,-2.439721535849518,-6.208735136246898,1.0,4,11984.039122343958,7.214236376763174,3.800416036604866,-1.0,27,,,
ZSARACOM,2025-11-12 00:00:00+05:30,12550.0,12900.0,12450.0,12499.9,12675.0,12043.239122343959,6.755883633550389,4.984306727069357,-1.0,28,13562.346445304227,-5.0057212433661675,-7.000760909698044,1.0,2,13230.926627414174,-2.439721535849518,-4.3860088947863805,1.0,5,11984.039122343958,7.214236376763174,5.451367871053583,-1.0,28,,,
ZSARACOM,2025-11-13 00:00:00+05:30,13630.0,14499.95,12730.0,13700.5,13614.975,12043.239122343959,6.755883633550389,11.544170133665624,-1.0,29,11608.189703956536,10.12422982191187,14.739544479835361,-1.0,1,12476.217051862935,3.4035758337934254,8.36401057025125,-1.0,1,12182.783643674902,5.675467853949849,10.519236034771259,-1.0,1,,,
ZUARI,2025-11-11 00:00:00+05:30,277.05,277.05,277.05,277.05,277.05,236.49392291000328,15.853434296387364,14.63854072910909,-1.0,1,280.04323298845475,0.35821633572147576,-1.0803945094584861,1.0,3,254.26192866096795,9.531425489781892,8.22525585238479,-1.0,1,256.5862485299217,8.704412549396283,7.386302642150625,-1.0,1,Chemicals,Fertilizers & Agrochemicals,1220.0
ZUARI,2025-11-12 00:00:00+05:30,290.9,290.9,272.95,276.75,281.92499999999995,239.2589988239373,14.869596575720568,15.133812601245955,-1.0,1,235.9025822279195,16.063838381811227,16.32434788404024,-1.0,1,258.4813322279195,8.030125519331245,8.315568953473605,-1.0,1,258.3739988239373,8.068315664850612,8.353640569677271,-1.0,1,Chemicals,Fertilizers & Agrochemicals,1220.0
ZUARI,2025-11-13 00:00:00+05:30,279.0,290.55,277.8,290.55,284.175,246.6191990591499,12.250774218413113,13.215730075077015,-1.0,1,237.24476561652358,15.586278022941249,16.514554194942,-1.0,1,260.5235156165236,7.3034991579706015,8.322858936738427,-1.0,1,259.81419905914987,7.555880071464182,8.572464481692668,-1.0,1,Chemicals,Fertilizers & Agrochemicals,1220.0
ZUARIIND,2025-11-11 00:00:00+05:30,308.4,367.4,308.1,344.65,337.75,343.2376190270439,0.3808971043262616,-1.6247576689989274,1.0,2,366.5166893016236,-6.37547215255365,-8.517154493448887,1.0,3,340.66123567147935,1.128650218697044,-0.8619498657229744,1.0,2,299.34434527024393,13.120201633944587,11.371030267877444,-1.0,1,Fast Moving Consumer Goods,Agricultural Food & other Products,1010.0
ZUARIIND,2025-11-12 00:00:00+05:30,340.0,353.9,336.95,340.65,345.42499999999995,303.67047621619514,11.864612910696524,12.087869663112057,-1.0,1,366.5166893016236,-6.37547215255365,-6.1060112330096725,1.0,4,310.35704730648985,9.923945056888742,10.15211773713834,-1.0,1,304.56652382269186,11.604549753971309,11.828465275329838,-1.0,1,Fast Moving Consumer Goods,Agricultural Food & other Products,1010.0
ZUARIIND,2025-11-13 00:00:00+05:30,344.9,358.1,342.85,346.0,350.475,303.67047621619514,11.864612910696524,13.354596985178652,-1.0,2,366.5166893016236,-6.37547215255365,-4.577127983914285,1.0,5,315.4154449411654,8.455827908528406,10.003439634448856,-1.0,1,310.80821905815355,9.792999838005066,11.318005832611874,-1.0,1,Fast Moving Consumer Goods,Agricultural Food & other Products,1010.0
ZYDUSLIFE,2025-11-11 00:00:00+05:30,949.0,950.0,935.05,938.9,942.525,1005.2992077138066,-6.287140903662366,-6.660216727811635,1.0,1,1027.5851749539927,-8.643366514959576,-9.024712867456323,1.0,1,979.3116204476376,-3.5395545847722483,-3.9029861751823636,1.0,3,989.0175120528228,-4.565728146553946,-4.932761683013481,1.0,3,Healthcare,Pharmaceuticals & Biotechnology,94913.0
ZYDUSLIFE,2025-11-12 00:00:00+05:30,940.1,957.25,940.0,951.4,948.625,996.9513661710453,-5.404549727335177,-5.094359327557809,1.0,1,1025.1306662062932,-8.383858982163153,-8.064900904603316,1.0,1,979.3116204476376,-3.5395545847722483,-3.23485259693109,1.0,4,989.0175120528228,-4.565728146553946,-4.258006277804483,1.0,4,Healthcare,Pharmaceuticals & Biotechnology,94913.0
ZYDUSLIFE,2025-11-13 00:00:00+05:30,951.0,952.6,940.1,944.15,946.35,988.7700929368362,-4.539569297286648,-4.48249515896193,1.0,1,1022.2750703959787,-8.081945768737828,-8.022937644209716,1.0,1,979.3116204476376,-3.5395545847722483,-3.483026411754375,1.0,5,988.7350929368363,-4.535868856758016,-4.478796738715724,1.0,5,Healthcare,Pharmaceuticals & Biotechnology,94913.0
ZYDUSWELL,2025-11-11 00:00:00+05:30,456.1,462.85,452.95,458.6,457.9,488.7361327624829,-6.521006813719995,-6.734250439502712,1.0,1,503.8933674184047,-9.824556086687803,-10.044413063639379,1.0,14,480.9842673942892,-4.831472424197593,-5.041333783421973,1.0,3,482.4798949413794,-5.157447406308872,-5.367961332469852,1.0,3,Fast Moving Consumer Goods,Food Products,14429.0
ZYDUSWELL,2025-11-12 00:00:00+05:30,453.05,464.0,452.55,460.95,458.275,484.2059062099863,-5.533634976203943,-5.658372420486901,1.0,1,503.8933674184047,-9.824556086687803,-9.954365265049308,1.0,15,480.9842673942892,-4.831472424197593,-4.955379934382022,1.0,4,482.4798949413794,-5.157447406308872,-5.2817402086911684,1.0,4,Fast Moving Consumer Goods,Food Products,14429.0
ZYDUSWELL,2025-11-13 00:00:00+05:30,463.15,465.05,455.5,457.45,460.275,484.2059062099863,-5.533634976203943,-5.19926266036312,1.0,2,503.8933674184047,-9.824556086687803,-9.476588434828031,1.0,16,480.9842673942892,-4.831472424197593,-4.499324837171086,1.0,5,482.4798949413794,-5.157447406308872,-4.824267001548955,1.0,5,Fast Moving Consumer Goods,Food Products,14429.0
